Apellidos,Nombre,URL pública
ABAIGAR SANTOS,AMAYA,https://agendas.madrid.es/agenda/203/amaya-abaigar-santos
AGUILAR ALMANSA,MARIA PILAR,https://agendas.madrid.es/agenda/41/maria-pilar-aguilar-almansa
ALVAREZ FERNANDEZ,JORGE,https://agendas.madrid.es/agenda/206/jorge-alvarez-fernandez
ALVAREZ GARCIA,ALMUDENA,https://agendas.madrid.es/agenda/126/almudena-alvarez-garcia
ANDERICA CAFFARENA,VICTORIA,https://agendas.madrid.es/agenda/89/victoria-anderica-caffarena
ARANA CATANIA,MIGUEL,https://agendas.madrid.es/agenda/88/miguel-arana-catania
ARCA PEREZ,MARTA,https://agendas.madrid.es/agenda/117/marta-arca-perez
ARCE LEGUA,ROMMY,https://agendas.madrid.es/agenda/107/rommy-arce-legua
ARRIBAS DIAZ,JESUS,https://agendas.madrid.es/agenda/119/jesus-arribas-diaz
ASCASIBAR ALLONA,GORKA,https://agendas.madrid.es/agenda/43/gorka-ascasibar-allona
BAQUEDANO MAESTRE,MIGUEL ANGEL,https://agendas.madrid.es/agenda/142/miguel-angel-baquedano-maestre
BARBERO GUTIERREZ,JOSE JAVIER,https://agendas.madrid.es/agenda/93/jose-javier-barbero-gutierrez
BARRAGAN CARDENAS,PEDRO,https://agendas.madrid.es/agenda/69/pedro-barragan-cardenas
BAZAN CASADO,JUAN JOSE,https://agendas.madrid.es/agenda/51/juan-jose-bazan-casado
BECERRIL POLO,JOSE IGNACIO,https://agendas.madrid.es/agenda/208/jose-ignacio-becerril-polo
BELLO CARRO,TOMÁS,https://agendas.madrid.es/agenda/5/tomas-bello-carro
BENITO GONZALEZ,JUAN JOSE,https://agendas.madrid.es/agenda/149/juan-jose-benito-gonzalez
BERBEL AGUINAGA,DELIA,https://agendas.madrid.es/agenda/207/delia-maria-berbel-aguilera
BLAS ZABALETA,FRANCISCO JAVIER DE,https://agendas.madrid.es/agenda/29/francisco-javier-de-blas-zabaleta
BLAZQUEZ ARROYO,FRANCISCO JAVIER,https://agendas.madrid.es/agenda/154/francisco-javier-blazquez-arroyo
BLAZQUEZ MARTIN,DIEGO,https://agendas.madrid.es/agenda/212/diego-blazquez-martin
BOLAÑOS HUERTAS,MARIA VICTORIA,https://agendas.madrid.es/agenda/234/maria-victoria-bolanos-huertas
BRABEZO CARBALLO,SERGIO,https://agendas.madrid.es/agenda/191/sergio-brabezo-carballo
BUÑUEL HERAS,ANA,https://agendas.madrid.es/agenda/158/ana-bunuel-heras
CALVO DEL OLMO,JOSE MANUEL,https://agendas.madrid.es/agenda/97/jose-manuel-calvo-del-olmo
CALVO LOPEZ,RODRIGO,https://agendas.madrid.es/agenda/54/rodrigo-calvo-lopez
CAMARERO GARCIA,MARIA TERESA,https://agendas.madrid.es/agenda/141/maria-teresa-camarero-garcia
CAMPO ACOSTA,DAVID,https://agendas.madrid.es/agenda/238/david-campo-acosta
CAO MENENDEZ,BERTA MARIA,https://agendas.madrid.es/agenda/28/berta-maria-cao-menendez
CARENAS MARTINEZ,LAURA,https://agendas.madrid.es/agenda/65/laura-carenas-martinez
CARMENA CASTRILLO,MANUELA,https://agendas.madrid.es/agenda/108/manuela-carmena-castrillo
CARMONA PASCUAL,PABLO CESAR,https://agendas.madrid.es/agenda/106/pablo-cesar-carmona-pascual
CARMONA SANCIPRIANO,ANTONIO MIGUEL,https://agendas.madrid.es/agenda/183/antonio-miguel-carmona-sancipriano
CARRALERO ORTIZ,PABLO,https://agendas.madrid.es/agenda/169/pablo-carralero-ortiz
CATALINA ZAMORA,PALOMA,https://agendas.madrid.es/agenda/237/paloma-catalina-zamora
CAUSAPIE LOPESINO,PURIFICACION,https://agendas.madrid.es/agenda/182/purificacion-causapie-lopesino
CHOCLAN CAMPAÑA,MARIA CARMEN,https://agendas.madrid.es/agenda/112/maria-carmen-choclan-campana
CUELLAR MARTIN,ELOY GREGORIO,https://agendas.madrid.es/agenda/74/eloy-gregorio-cuellar-martin
CUESTA TOVAR,MARIA TATIANA,https://agendas.madrid.es/agenda/210/maria-tatiana-cuesta-tovar
CUETO ALVAREZ DE SOTOMAYOR,LUIS CARLOS,https://agendas.madrid.es/agenda/92/luis-carlos-cueto-alvarez-de-sotomayor
CUETO BARAHONA,MARIA JESUS DEL,https://agendas.madrid.es/agenda/171/maria-jesus-del-cueto-barahona
DAVILA PEREZ,JOSE MANUEL,https://agendas.madrid.es/agenda/181/jose-manuel-davila-perez
DE BENITO PEREZ,IGNACIO,https://agendas.madrid.es/agenda/184/ignacio-de-benito-perez
DE LA CRUZ CUENCA,CESAR,https://agendas.madrid.es/agenda/211/cesar-de-la-cruz-cuenca
DE LARA GARCIA,BEATRIZ,https://agendas.madrid.es/agenda/249/beatriz-de-lara-garcia
DE PABLO TRABALON,JOSE LUIS,https://agendas.madrid.es/agenda/143/jose-luis-pablo-trabalon
DE SAN MARCOS SANCHEZ,GETSEMANI,https://agendas.madrid.es/agenda/175/getsemani-de-san-marcos-sanchez
DEL RIO MACHIN,RAQUEL,https://agendas.madrid.es/agenda/24/raquel-del-rio-machin
DEL RIO PARACOLLS,NURIA,https://agendas.madrid.es/agenda/173/nuria-del-rio-paracolls
DIAZ DE CERIO VILLAMAYOR,JOSE ANTONIO,https://agendas.madrid.es/agenda/148/jose-antonio-diaz-de-cerio-villamayor
DIAZ DE VILLEGAS SOLANS,MARIA CONCEPCION,https://agendas.madrid.es/agenda/128/maria-concepcion-diaz-de-villegas-solans
DIAZ LAZARO CARRASCO,JOSE ANTONIO,https://agendas.madrid.es/agenda/62/jose-antonio-diaz-lazaro-carrasco
DIAZ MENDEZ,JOSE ANTONIO,https://agendas.madrid.es/agenda/61/jose-antonio-diaz-mendez
DIAZ RETANA,JOSE MARIA,https://agendas.madrid.es/agenda/167/jose-maria-diaz-retana
DOMINGUEZ ARANDA,ROSA MARIA,https://agendas.madrid.es/agenda/220/rosa-maria-dominguez-aranda
DOMINGUEZ LUCENA,EZEQUIEL,https://agendas.madrid.es/agenda/7/ezequiel-dominguez-lucena
DOMINGUEZ SOLER,ANA MARIA,https://agendas.madrid.es/agenda/190/ana-maria-dominguez-soler
DUVA MILÁN,JESÚS MARÍA,https://agendas.madrid.es/agenda/174/jesus-maria-duva-milan
ENCINAS DIAZ,ANA ISABEL,https://agendas.madrid.es/agenda/218/ana-isabel-encinas-diaz
ERESTA FERNANDEZ,MILENA,https://agendas.madrid.es/agenda/219/milena-eresta-fernandez
ESPINAR MESA-MOLES,MARÍA DEL MAR,https://agendas.madrid.es/agenda/180/maria-del-mar-espinar-mesa-moles
FARNOS CARREÑO,ANGEL LUIS,https://agendas.madrid.es/agenda/36/angel-luis-farnos-carreno
FERNANDEZ CAMACHO,FRANCISCO DE ASIS,https://agendas.madrid.es/agenda/38/francisco-de-asis-fernandez-camacho
FERNANDEZ CUBA,ANTONIO JAVIER,https://agendas.madrid.es/agenda/163/antonio-javier-fernandez-cuba
FERNANDEZ CUBERO,ANA BELEN,https://agendas.madrid.es/agenda/217/ana-belen-fernandez-cubero
FERNANDEZ DIEZ,ESTRELLA,https://agendas.madrid.es/agenda/155/estrella-fernandez-diez
FERNÁNDEZ IZQUIERDO,ANA,https://agendas.madrid.es/agenda/201/ana-fernandez-izquierdo
FERNANDEZ LEWICKI,PABLO,https://agendas.madrid.es/agenda/226/pablo-fernandez-lewicki
FERNANDEZ MARTINEZ,JOSE LUIS,https://agendas.madrid.es/agenda/146/jose-luis-fernandez-martinez
FERNÁNDEZ RUIZ,BEGOÑA,https://agendas.madrid.es/agenda/202/begona-fernandez-ruiz
FLOREZ PLAZA,MARIA ASUNCION,https://agendas.madrid.es/agenda/12/maria-asuncion-florez-plaza
FOULKES PUSZKIN,PAULA RAQUEL,https://agendas.madrid.es/agenda/197/paula-raquel-foulkes-puszkin
FRIAS MARTIN,MARIA SOLEDAD,https://agendas.madrid.es/agenda/140/maria-soledad-frias-martin
FRUTOS PAEZ,JOSE ANTONIO,https://agendas.madrid.es/agenda/118/jose-antonio-frutos-paez
GALCERAN HUGUET,MONTSERRAT,https://agendas.madrid.es/agenda/105/montserrat-galceran-huguet
GALINDO MEÑO,CARLOS,https://agendas.madrid.es/agenda/72/carlos-galindo-meno
GAMARRA RODRIGUEZ,MARIA TERESA,https://agendas.madrid.es/agenda/231/maria-teresa-gamarra-rodriguez
GARATE PRIETO,GONZALO,https://agendas.madrid.es/agenda/42/gonzalo-garate-prieto
GARCIA CABEZA,ALBERTO,https://agendas.madrid.es/agenda/50/alberto-garcia-cabeza
GARCIA CASTAÑO,JORGE,https://agendas.madrid.es/agenda/113/jorge-garcia-castano
GARCIA COTA,ENRIQUE JOSE,https://agendas.madrid.es/agenda/53/enrique-jose-garcia-cota
GARCIA DIAZ,MARIA BELEN,https://agendas.madrid.es/agenda/6/maria-belen-garcia-diaz
GARCIA DOMINGUEZ,MARIA DEL MAR,https://agendas.madrid.es/agenda/253/maria-del-mar-garcia-dominguez
GARCIA ESPARTERO,JUAN JOSE,https://agendas.madrid.es/agenda/30/juan-jose-garcia-espartero
GARCIA ESPEJO,GUSTAVO,https://agendas.madrid.es/agenda/63/gustavo-garcia-espejo
GARCIA FRIAS,MARIA ANGELES,https://agendas.madrid.es/agenda/109/maria-angeles-garcia-frias
GARCIA GIMENEZ,JOSEP RAIMON,https://agendas.madrid.es/agenda/60/josep-raimon-garcia-gimenez
GARCIA HERRERA,CONCEPCION,https://agendas.madrid.es/agenda/70/concepcion-garcia-herrera
GARCIA IBAÑEZ,INMACULADA,https://agendas.madrid.es/agenda/153/inmaculada-garcia-ibanez
GARCIA MARTINEZ,ANTONIO,https://agendas.madrid.es/agenda/64/antonio-garcia-martinez
GARCIA MARTINEZ-ALBELDA,MARIA DEL MAR,https://agendas.madrid.es/agenda/216/maria-del-mar-garcia-martinez-albelda
GARCIA PEREZ,EVA,https://agendas.madrid.es/agenda/32/eva-garcia-perez
GARCIA SAN GABINO,BEATRIZ CARMEN,https://agendas.madrid.es/agenda/213/beatriz-carmen-garcia-san-gabino
GARCIA ZARZA,MARIA NURIA,https://agendas.madrid.es/agenda/13/maria-nuria-garcia-zarza
GARZON ESPINOSA,EDUARDO,https://agendas.madrid.es/agenda/20/eduardo-garzon-espinosa
GIL PINERO,JOSE IGNACIO,https://agendas.madrid.es/agenda/225/jose-ignacio-gil-pinero
GOMEZ FERNANDEZ,LOURDES,https://agendas.madrid.es/agenda/236/lourdes-gomez-fernandez
GOMEZ GONZALEZ,PABLO,https://agendas.madrid.es/agenda/136/pablo-gomez-gonzalez
GOMEZ LAHOZ,MARTA,https://agendas.madrid.es/agenda/104/marta-gomez-lahoz
GOMEZ MORANTE,ESTHER,https://agendas.madrid.es/agenda/103/esther-gomez-morante
GOMEZ PUENTE,MARCOS,https://agendas.madrid.es/agenda/115/marcos-gomez-puente
GOMEZ RIVERA,ROSA MARIA,https://agendas.madrid.es/agenda/254/rosa-maria-gomez-rivera
GONZALEZ DEL MORAL,JOSE LUIS,https://agendas.madrid.es/agenda/241/jose-luis-gonzalez-del-moral
GONZALEZ FERNANDEZ,MARIA DE LAS MERCEDE,https://agendas.madrid.es/agenda/200/maria-de-las-mercede-gonzalez-fernandez
GONZALEZ JIMENEZ,AMALIA PALOMA,https://agendas.madrid.es/agenda/222/amalia-paloma-gonzalez-jimenez
GUILLEN OLMOS,ANGEL,https://agendas.madrid.es/agenda/57/angel-guillen-olmos
GUTIERREZ LOPEZ,CARMEN MARIA,https://agendas.madrid.es/agenda/251/carmen-maria-gutierrez-lopez
HARO LOZANO,JOSE ANTONIO,https://agendas.madrid.es/agenda/170/jose-antonio-haro-lozano
HERRERO BARRIENTOS,JOSE LUIS,https://agendas.madrid.es/agenda/224/jose-luis-herrero-barrientos
HIGUERAS GARROBO,MARTA MARIA,https://agendas.madrid.es/agenda/102/marta-maria-higueras-garrobo
INFANZON PRIORE,JOSE LUIS,https://agendas.madrid.es/agenda/145/jose-luis-infanzon-priore
IRIGOIEN ERRAZKIN,EDURNE,https://agendas.madrid.es/agenda/162/edurne-irigoien-errazkin
JIMENEZ ORTIZ,MARIA TERESA,https://agendas.madrid.es/agenda/246/maria-teresa-jimenez-ortiz
JIMENEZ VAQUERIZO,DANIEL,https://agendas.madrid.es/agenda/56/daniel-jimenez-vaquerizo
KLECKER DE ELIZALDE,ALEJANDRO,https://agendas.madrid.es/agenda/34/alejandro-klecker-de-elizalde
KLETT ARROYO,AZUCENA,https://agendas.madrid.es/agenda/66/azucena-klett-arroyo
LABRADO PRIETO,BOSCO,https://agendas.madrid.es/agenda/189/bosco-labrado-prieto
LASHERAS MERINO,JUAN CARLOS,https://agendas.madrid.es/agenda/16/juan-carlos-lasheras-merino
LINAZA IGLESIAS,RAMON,https://agendas.madrid.es/agenda/68/ramon-linaza-iglesias
LLAMAS SANCHEZ,LUIS FELIPE,https://agendas.madrid.es/agenda/85/luis-felipe-llamas-sanchez
LLERA CERMEÑO,MARIA BELEN,https://agendas.madrid.es/agenda/40/maria-belen-llera-cermeno
LOPEZ BARCELO,ESTHER,https://agendas.madrid.es/agenda/164/esther-lopez-barcelo
LOPEZ CACERES,ENRIQUE,https://agendas.madrid.es/agenda/166/enrique-lopez-caceres
LOPEZ CALVO,GONZALO,https://agendas.madrid.es/agenda/45/gonzalo-lopez-calvo
LOPEZ CARMONA,FRANCISCO JOSE,https://agendas.madrid.es/agenda/1/francisco-jose-lopez-carmona
LOPEZ DE LA RIVA CARRASCO,FEDERICO ANDRES,https://agendas.madrid.es/agenda/135/federico-andres-lopez-de-la-riva-carrasco
MACHETTI BERMEJO,JAVIER,https://agendas.madrid.es/agenda/144/javier-machetti-bermejo
MAESTRE FERNANDEZ,RITA,https://agendas.madrid.es/agenda/96/rita-maestre-fernandez
MANCEBO IZCO,MARIA AMPARO,https://agendas.madrid.es/agenda/49/maria-amparo-mancebo-izco
MAÑES MARTÍNEZ,EVA,https://agendas.madrid.es/agenda/4/eva-manes-martinez
MARTIN ARAHUETES,JOSE ENRIQUE,https://agendas.madrid.es/agenda/81/jose-enrique-martin-arahuetes
MARTIN DIAZ,JESUS,https://agendas.madrid.es/agenda/177/jesus-martin-diaz
MARTIN HERNANDEZ,BEATRIZ,https://agendas.madrid.es/agenda/18/beatriz-martin-hernandez
MARTIN LOPEZ,GEMA NIEVES,https://agendas.madrid.es/agenda/31/gema-nieves-martin-lopez
MARTIN MUÑOZ BAROJA,MARIA CARMEN,https://agendas.madrid.es/agenda/232/maria-carmen-martin-munoz-baroja
MARTINEZ AGUILAR,SONIA,https://agendas.madrid.es/agenda/223/sonia-martinez-aguilar
MARTINEZ FERRER,GUILLERMO,https://agendas.madrid.es/agenda/242/guillermo-martinez-ferrer
MARTINEZ GOBANTES,MARIA LUISA,https://agendas.madrid.es/agenda/160/maria-luisa-martinez-gobantes
MARTINEZ LOPEZ,OLGA,https://agendas.madrid.es/agenda/244/olga-martinez-lopez
MAYER DUQUE,CELIA,https://agendas.madrid.es/agenda/94/celia-mayer-duque
MEDINA CAMPOS,SONSOLES,https://agendas.madrid.es/agenda/134/sonsoles-medina-campos
MEDINA HERNANDEZ,MODESTA MARIA,https://agendas.madrid.es/agenda/33/modesta-maria-medina-hernandez
MELGAR JAQUOTOT,JUAN FRANCISCO,https://agendas.madrid.es/agenda/240/juan-francisco-melgar-jaquotot
MENA RUBIO,MARIA SOL,https://agendas.madrid.es/agenda/138/maria-sol-mena-rubio
MENDEZ BERTOLO,ELENA,https://agendas.madrid.es/agenda/252/elena-mendez-bertolo
MENDEZ DE ANDES ALDAMA,ANA,https://agendas.madrid.es/agenda/35/ana-mendez-de-andes-aldama
MENENDEZ GONZALEZ-PALENZUELA,MARIA LOURDES,https://agendas.madrid.es/agenda/25/maria-lourdes-menendez-gonzalez-palenzuela
MERCHAN MESON,MARIA CARLOTA,https://agendas.madrid.es/agenda/179/maria-carlota-merchan-meson
MIRANDA ESTEBAN,SOFIA,https://agendas.madrid.es/agenda/188/sofia-miranda-esteban
MOLINA FLORIDO,IGNACIO,https://agendas.madrid.es/agenda/152/ignacio-molina-florido
MOLINA MOLINA,MARIA PALOMA,https://agendas.madrid.es/agenda/139/maria-paloma-molina-molina
MONTIEL MESA,MARIA DE LOS REYES,https://agendas.madrid.es/agenda/250/maria-de-los-reyes-montiel-mesa
MONZON MAYO,MARIA JOSE INMACULADA,https://agendas.madrid.es/agenda/214/maria-jose-inmaculad-monzon-mayo
MORA ARROGANTE,LUIS ALFONSO,https://agendas.madrid.es/agenda/3/luis-alfonso-mora-arrogante
MORENO ARRONES SALCEDO,JOSE,https://agendas.madrid.es/agenda/243/jose-moreno-arrones-salcedo
MORENO LORENTE,MARIA CRISTINA,https://agendas.madrid.es/agenda/131/maria-cristina-moreno-lorente
MOSCOSO DEL PRADO HERRERA,JAVIER,https://agendas.madrid.es/agenda/14/javier-moscoso-del-prado-herrera
MOURIÑO FERNANDEZ,SARA ESTHER,https://agendas.madrid.es/agenda/26/sara-esther-mourino-fernandez
MUÑOZ FERNANDEZ,SOLEDAD,https://agendas.madrid.es/agenda/129/soledad-munoz-fernandez
MURGUI PARRA,IGNACIO,https://agendas.madrid.es/agenda/101/ignacio-murgui-parra
NAHARRO SERENO,FRANCISCA,https://agendas.madrid.es/agenda/121/francisca-naharro-sereno
NAREDO MOLERO,MARIA,https://agendas.madrid.es/agenda/23/maria-naredo-molero
NAVARRETE TORTOSA,PEDRO,https://agendas.madrid.es/agenda/194/pedro-navarrete-tortosa
NIETO PEREIRA,JOSE LUIS,https://agendas.madrid.es/agenda/39/jose-luis-nieto-pereira
NUÑEZ LOPEZ,ALBERTO JOSE,https://agendas.madrid.es/agenda/209/alberto-jose-nunez-lopez
NUÑEZ MARTI,MARIA PAZ,https://agendas.madrid.es/agenda/233/maria-paz-nunez-marti
NUÑEZ ROMERO,VICTOR,https://agendas.madrid.es/agenda/239/victor-nunez-romero
ODRIOZOLA LINO,FRANCISCO JAVIER,https://agendas.madrid.es/agenda/71/francisco-javier-odriozola-lino
OLLERO LOPEZ,DANIEL JERONIMO,https://agendas.madrid.es/agenda/227/daniel-jeronimo-ollero-lopez
ORTIZ GONZALEZ,ANGEL LUIS,https://agendas.madrid.es/agenda/22/angel-luis-ortiz-gonzalez
PALOMINO GARCIA,RAMON,https://agendas.madrid.es/agenda/165/ramon-palomino-garcia
PASCUAL ECHALECU,JOSÉ CARLOS,https://agendas.madrid.es/agenda/2/jose-carlos-pascual-echalecu
PEREA MORENO,MARIA PILAR,https://agendas.madrid.es/agenda/248/maria-pilar-perea-moreno
PEREDA SUQUET,MARIA DEL PILAR,https://agendas.madrid.es/agenda/87/maria-del-pilar-pereda-suquet
PEREZ BOGA,JULIO RANSES,https://agendas.madrid.es/agenda/178/julio-ranses-perez-boga
PEREZ GARCIA,JESUS MARIA,https://agendas.madrid.es/agenda/55/jesus-maria-perez-garcia
PEREZ RAMOS,FRANCISCO,https://agendas.madrid.es/agenda/100/francisco-perez-ramos
PEREZ SANCHEZ,FERNANDO,https://agendas.madrid.es/agenda/73/fernando-perez-sanchez
PERPIÑA CARRERA,ANA,https://agendas.madrid.es/agenda/133/ana-perpina-carrera
PLANCHUELO SAINZ,GREGORIO,https://agendas.madrid.es/agenda/82/gregorio-planchuelo-sainz
PRIETO FERNANDEZ,ANTONIO,https://agendas.madrid.es/agenda/156/antonio-prieto-fernandez
PUJANA GAÑEZ,NATALIA,https://agendas.madrid.es/agenda/17/natalia-pujana-ganez
RAMIREZ GARCIA,IGNACIO,https://agendas.madrid.es/agenda/151/ignacio-ramirez-garcia
REBOLLO SANCHEZ,MARIA DEL CARMEN,https://agendas.madrid.es/agenda/124/maria-del-carmen-rebollo-sanchez
REDONDO RODRIGUEZ,MIGUEL ANGEL,https://agendas.madrid.es/agenda/187/miguel-angel-redondo-rodriguez
REGUERO NAREDO,ANA,https://agendas.madrid.es/agenda/132/ana-reguero-naredo
RODRIGUEZ ALONSO,RAQUEL,https://agendas.madrid.es/agenda/221/raquel-rodriguez-alonso
RODRIGUEZ LOPEZ,MARIA FERNANDA,https://agendas.madrid.es/agenda/59/maria-fernanda-rodriguez-lopez
RODRIGUEZ MARTINEZ,YOLANDA,https://agendas.madrid.es/agenda/8/yolanda-rodriguez-martinez
RODRIGUEZ PINZON,ERIKA MARIA,https://agendas.madrid.es/agenda/235/erika-maria-rodriguez-pinzon
ROJAS CERRO,CARMEN,https://agendas.madrid.es/agenda/245/maria-carmen-rojas-cerro
ROMAN RIECHMANN,MARIA CARMEN,https://agendas.madrid.es/agenda/90/maria-carmen-roman-riechmann
SAAVEDRA IBARRONDO,SILVIA ELENA,https://agendas.madrid.es/agenda/186/silvia-elena-saavedra-ibarrondo
SABANES NADAL,INES,https://agendas.madrid.es/agenda/150/ines-sabanes-nadal
SAN MARCOS SÁNCHEZ,GETSEMANÍ,https://agendas.madrid.es/agenda/175/getsemani-de-san-marcos-sanchez
SANCHEZ BLANCO,MARIA CRISTINA,https://agendas.madrid.es/agenda/228/maria-cristina-sanchez-blanco
SANCHEZ DIAZ,NURIA,https://agendas.madrid.es/agenda/44/nuria-sanchez-diaz
SANCHEZ MATO,CARLOS,https://agendas.madrid.es/agenda/99/carlos-sanchez-mato
SANCHEZ MOYA,ALMUDENA,https://agendas.madrid.es/agenda/52/almudena-sanchez-moya
SANCHEZ SANCHEZ,ROBERTO,https://agendas.madrid.es/agenda/161/roberto-sanchez-sanchez
SANCHO SILVESTRE,DOLORES,https://agendas.madrid.es/agenda/78/dolores-sancho-silvestre
SANTAMARINA GONZALEZ,JOSE RAMON,https://agendas.madrid.es/agenda/21/jose-ramon-santamarina-gonzalez
SANZ BERZAL,BERNARDINO,https://agendas.madrid.es/agenda/199/bernardino-sanz-berzal
SANZ GARCIA,LUIS,https://agendas.madrid.es/agenda/229/luis-sanz-garcia
SARABIA HERRERO,VICTOR MANUEL,https://agendas.madrid.es/agenda/114/victor-manuel-sarabia-herrero
SERRANO MARTIN DE VIDALES,CARLOS,https://agendas.madrid.es/agenda/120/carlos-serrano-martin-de-vidales
SERRANO SANZ,ANDRES,https://agendas.madrid.es/agenda/125/andres-serrano-sanz
SILVA BUENADICHA,RAMON,https://agendas.madrid.es/agenda/185/ramon-silva-buenadicha
SOTO BRAVO,PABLO,https://agendas.madrid.es/agenda/95/pablo-soto-bravo
TORRES LIROLA,VIRGINIA,https://agendas.madrid.es/agenda/122/virginia-torres-lirola
URQUIDI ROCHA,IRIS MARCELA,https://agendas.madrid.es/agenda/172/iris-marcela-urquidi-rocha
URQUIJO AZCARATE,JOSE MARIA,https://agendas.madrid.es/agenda/205/jose-maria-urquijo-azcarate
VAELLO OLAVE,MARIA PAZ,https://agendas.madrid.es/agenda/247/maria-paz-vaello-olave
VALIENTE ARGUDO,ROSA,https://agendas.madrid.es/agenda/215/rosa-valiente-argudo
VALIENTE CALVO,PAZ,https://agendas.madrid.es/agenda/111/paz-valiente-calvo
VALIENTE OTS,MAURICIO,https://agendas.madrid.es/agenda/98/mauricio-valiente-ots
VALLCANERA ZEFERINO-RODRIGUEZ,MARIA AMPARO,https://agendas.madrid.es/agenda/137/maria-amparo-vallcanera-zeferino-rodriguez
VAZQUEZ LLORENS,DANIEL,https://agendas.madrid.es/agenda/159/daniel-vazquez-llorens
VELASCO POUSA,ROBERTO CARLOS,https://agendas.madrid.es/agenda/67/roberto-carlos-velasco-pousa
VICENT GARCIA,JOSE MARIA,https://agendas.madrid.es/agenda/15/jose-maria-vicent-garcia
VILLACAÑAS BEADES,SILVIA,https://agendas.madrid.es/agenda/176/silvia-villacanas-beades
VILLACIS SANCHEZ,BEGOÑA,https://agendas.madrid.es/agenda/192/begona-villacis-sanchez
WALLISER MARTINEZ,JUAN ANDRES,https://agendas.madrid.es/agenda/230/juan-andres-walliser-martinez
ZAPATA ROMERO,GUILLERMO,https://agendas.madrid.es/agenda/91/guillermo-zapata-romero
